Workbook

Sheet Dashboard
B1: Backend Engineering Roadmap: Progress Dashboard
B4: Project start date | C4: 46305
B6: Topics included | C6: =COUNTIF(Roadmap!I5:I20,"Yes") -> 14
B7: Topics completed | C7: =COUNTIFS(Roadmap!I5:I20,"Yes",Roadmap!N5:N20,"Completed") -> 1
B8: Total tasks (included topics) | C8: =SUMIFS(Roadmap!K5:K20,Roadmap!I5:I20,"Yes") -> 85
B9: Tasks done | C9: =SUMIFS(Roadmap!L5:L20,Roadmap!I5:I20,"Yes") -> 20
B10: Overall progress | C10: =IF(C8=0,0,C9/C8) -> 0.23529412
B11: Total planned weeks | C11: =SUMIFS(Roadmap!J5:J20,Roadmap!I5:I20,"Yes") -> 30
B12: Projected finish date | C12: =C4+C11*7-1 -> 46514
B14: Progress by phase
B15: Phase | C15: Topics included | D15: Total tasks | E15: Tasks done | F15: % Done
B16: 1 Foundations | C16: =COUNTIFS(Roadmap!$C$5:$C$20,B16,Roadmap!$I$5:$I$20,"Yes") -> 5 | D16: =SUMIFS(Roadmap!$K$5:$K$20,Roadmap!$C$5:$C$20,B16,Roadmap!$I$5:$I$20,"Yes") -> 29 | E16: =SUMIFS(Roadmap!$L$5:$L$20,Roadmap!$C$5:$C$20,B16,Roadmap!$I$5:$I$20,"Yes") -> 18 | F16: =IF(D16=0,0,E16/D16) -> 0.62068966
B17: 2 Core API | C17: =COUNTIFS(Roadmap!$C$5:$C$20,B17,Roadmap!$I$5:$I$20,"Yes") -> 4 | D17: =SUMIFS(Roadmap!$K$5:$K$20,Roadmap!$C$5:$C$20,B17,Roadmap!$I$5:$I$20,"Yes") -> 24 | E17: =SUMIFS(Roadmap!$L$5:$L$20,Roadmap!$C$5:$C$20,B17,Roadmap!$I$5:$I$20,"Yes") -> 2 | F17: =IF(D17=0,0,E17/D17) -> 0.083333333
B18: 3 Security & Quality | C18: =COUNTIFS(Roadmap!$C$5:$C$20,B18,Roadmap!$I$5:$I$20,"Yes") -> 3 | D18: =SUMIFS(Roadmap!$K$5:$K$20,Roadmap!$C$5:$C$20,B18,Roadmap!$I$5:$I$20,"Yes") -> 19 | E18: =SUMIFS(Roadmap!$L$5:$L$20,Roadmap!$C$5:$C$20,B18,Roadmap!$I$5:$I$20,"Yes") -> 0 | F18: =IF(D18=0,0,E18/D18) -> 0
B19: 4 Production | C19: =COUNTIFS(Roadmap!$C$5:$C$20,B19,Roadmap!$I$5:$I$20,"Yes") -> 2 | D19: =SUMIFS(Roadmap!$K$5:$K$20,Roadmap!$C$5:$C$20,B19,Roadmap!$I$5:$I$20,"Yes") -> 13 | E19: =SUMIFS(Roadmap!$L$5:$L$20,Roadmap!$C$5:$C$20,B19,Roadmap!$I$5:$I$20,"Yes") -> 0 | F19: =IF(D19=0,0,E19/D19) -> 0
B22: How to use
B23: 1. Roadmap sheet: set Include? to Yes/No for each topic. Optional topics (Redis/Celery, CI/CD) start as No; switch to Yes to add them.
B24: 2. Change Est. weeks if a topic takes you longer or shorter; dates shift automatically and skip excluded topics.
B25: 3. Tasks sheet: update Status as you work. Roadmap % Done, Status and this dashboard update by themselves.
B26: 4. Add your own tasks at the bottom of the Tasks sheet using the topic's Step number.
B27: 5. Finish each topic's practice project before moving on; the Capstone (Step 16) ties everything together.

Sheet Roadmap
B1: Backend Engineering Roadmap (Python / FastAPI)
B4: Step | C4: Phase | D4: Topic | E4: What to learn | F4: Practice project / deliverable | G4: Source | H4: Level | I4: Include? | J4: Est. weeks | K4: Total tasks | L4: Done tasks | M4: % Done | N4: Status | O4: Start date | P4: Target end | Q4: Suggested resources | R4: Notes
B5: 1 | C5: 1 Foundations | D5: Python | E5: Functions, OOP, modules, exception handling | F5: CLI to-do app with file/JSON persistence | G5: Original | H5: Core | I5: Yes | J5: 3 | K5: =COUNTIF(Tasks!$B$5:$B$300,B5) -> 7 | L5: =COUNTIFS(Tasks!$B$5:$B$300,B5,Tasks!$E$5:$E$300,"Done") -> 6 | M5: =IF(K5=0,0,L5/K5) -> 0.85714286 | N5: =IF(I5="No","Excluded",IF(K5=0,"Not Started",IF(L5=K5,"Completed",IF(L5+COUNTIFS(Tasks!$B$5:$B$300,B5,Tasks!$E$5:$E$300,"In Progress")>0,"In Progress","Not Started")))) -> In Progress | O5: =IF(I5="Yes",Dashboard!$C$4+(SUMIFS($J$5:J5,$I$5:I5,"Yes")-J5)*7,"-") -> 46305 | P5: =IF(I5="Yes",O5+J5*7-1,"-") -> 46325 | Q5: Python docs tutorial; Real Python
B6: 2 | C6: 1 Foundations | D6: Git & Command Line | E6: Terminal navigation, commits, branches, GitHub | F6: Push your Python project to GitHub with a README | G6: Added | H6: Core | I6: Yes | J6: 1 | K6: =COUNTIF(Tasks!$B$5:$B$300,B6) -> 4 | L6: =COUNTIFS(Tasks!$B$5:$B$300,B6,Tasks!$E$5:$E$300,"Done") -> 0 | M6: =IF(K6=0,0,L6/K6) -> 0 | N6: =IF(I6="No","Excluded",IF(K6=0,"Not Started",IF(L6=K6,"Completed",IF(L6+COUNTIFS(Tasks!$B$5:$B$300,B6,Tasks!$E$5:$E$300,"In Progress")>0,"In Progress","Not Started")))) -> Not Started | O6: =IF(I6="Yes",Dashboard!$C$4+(SUMIFS($J$5:J6,$I$5:I6,"Yes")-J6)*7,"-") -> 46326 | P6: =IF(I6="Yes",O6+J6*7-1,"-") -> 46332 | Q6: Pro Git book (free); GitHub Docs
B7: 3 | C7: 1 Foundations | D7: SQL | E7: SELECT, INSERT, UPDATE, DELETE, JOIN | F7: Design and query a small store/library database | G7: Original | H7: Core | I7: Yes | J7: 2 | K7: =COUNTIF(Tasks!$B$5:$B$300,B7) -> 6 | L7: =COUNTIFS(Tasks!$B$5:$B$300,B7,Tasks!$E$5:$E$300,"Done") -> 6 | M7: =IF(K7=0,0,L7/K7) -> 1 | N7: =IF(I7="No","Excluded",IF(K7=0,"Not Started",IF(L7=K7,"Completed",IF(L7+COUNTIFS(Tasks!$B$5:$B$300,B7,Tasks!$E$5:$E$300,"In Progress")>0,"In Progress","Not Started")))) -> Completed | O7: =IF(I7="Yes",Dashboard!$C$4+(SUMIFS($J$5:J7,$I$5:I7,"Yes")-J7)*7,"-") -> 46333 | P7: =IF(I7="Yes",O7+J7*7-1,"-") -> 46346 | Q7: SQLBolt; Mode SQL tutorial
B8: 4 | C8: 1 Foundations | D8: Database | E8: SQLite, relationships, primary and foreign keys, indexes | F8: Normalized schema with FKs and indexes, used from Python | G8: Original | H8: Core | I8: Yes | J8: 2 | K8: =COUNTIF(Tasks!$B$5:$B$300,B8) -> 6 | L8: =COUNTIFS(Tasks!$B$5:$B$300,B8,Tasks!$E$5:$E$300,"Done") -> 3 | M8: =IF(K8=0,0,L8/K8) -> 0.5 | N8: =IF(I8="No","Excluded",IF(K8=0,"Not Started",IF(L8=K8,"Completed",IF(L8+COUNTIFS(Tasks!$B$5:$B$300,B8,Tasks!$E$5:$E$300,"In Progress")>0,"In Progress","Not Started")))) -> In Progress | O8: =IF(I8="Yes",Dashboard!$C$4+(SUMIFS($J$5:J8,$I$5:I8,"Yes")-J8)*7,"-") -> 46347 | P8: =IF(I8="Yes",O8+J8*7-1,"-") -> 46360 | Q8: SQLite docs; Python sqlite3 docs
B9: 5 | C9: 1 Foundations | D9: HTTP | E9: Requests, responses, HTTP methods, status codes | F9: Call 3 public APIs with curl, Postman and httpx | G9: Original | H9: Core | I9: Yes | J9: 1 | K9: =COUNTIF(Tasks!$B$5:$B$300,B9) -> 6 | L9: =COUNTIFS(Tasks!$B$5:$B$300,B9,Tasks!$E$5:$E$300,"Done") -> 3 | M9: =IF(K9=0,0,L9/K9) -> 0.5 | N9: =IF(I9="No","Excluded",IF(K9=0,"Not Started",IF(L9=K9,"Completed",IF(L9+COUNTIFS(Tasks!$B$5:$B$300,B9,Tasks!$E$5:$E$300,"In Progress")>0,"In Progress","Not Started")))) -> In Progress | O9: =IF(I9="Yes",Dashboard!$C$4+(SUMIFS($J$5:J9,$I$5:I9,"Yes")-J9)*7,"-") -> 46361 | P9: =IF(I9="Yes",O9+J9*7-1,"-") -> 46367 | Q9: MDN HTTP guide; httpx docs
B10: 6 | C10: 2 Core API | D10: FastAPI | E10: Routes, endpoints, request handling, response models | F10: Notes/Todo REST API with full CRUD | G10: Original | H10: Core | I10: Yes | J10: 3 | K10: =COUNTIF(Tasks!$B$5:$B$300,B10) -> 8 | L10: =COUNTIFS(Tasks!$B$5:$B$300,B10,Tasks!$E$5:$E$300,"Done") -> 2 | M10: =IF(K10=0,0,L10/K10) -> 0.25 | N10: =IF(I10="No","Excluded",IF(K10=0,"Not Started",IF(L10=K10,"Completed",IF(L10+COUNTIFS(Tasks!$B$5:$B$300,B10,Tasks!$E$5:$E$300,"In Progress")>0,"In Progress","Not Started")))) -> In Progress | O10: =IF(I10="Yes",Dashboard!$C$4+(SUMIFS($J$5:J10,$I$5:I10,"Yes")-J10)*7,"-") -> 46368 | P10: =IF(I10="Yes",O10+J10*7-1,"-") -> 46388 | Q10: FastAPI official tutorial
B11: 7 | C11: 2 Core API | D11: Pydantic | E11: Data validation and serialization | F11: Create/Update/Read schemas for your API | G11: Original | H11: Core | I11: Yes | J11: 1 | K11: =COUNTIF(Tasks!$B$5:$B$300,B11) -> 5 | L11: =COUNTIFS(Tasks!$B$5:$B$300,B11,Tasks!$E$5:$E$300,"Done") -> 0 | M11: =IF(K11=0,0,L11/K11) -> 0 | N11: =IF(I11="No","Excluded",IF(K11=0,"Not Started",IF(L11=K11,"Completed",IF(L11+COUNTIFS(Tasks!$B$5:$B$300,B11,Tasks!$E$5:$E$300,"In Progress")>0,"In Progress","Not Started")))) -> Not Started | O11: =IF(I11="Yes",Dashboard!$C$4+(SUMIFS($J$5:J11,$I$5:I11,"Yes")-J11)*7,"-") -> 46389 | P11: =IF(I11="Yes",O11+J11*7-1,"-") -> 46395 | Q11: Pydantic docs
B12: 8 | C12: 2 Core API | D12: ORM | E12: SQLAlchemy and database integration | F12: Replace in-memory storage with SQLAlchemy models | G12: Original | H12: Core | I12: Yes | J12: 2 | K12: =COUNTIF(Tasks!$B$5:$B$300,B12) -> 6 | L12: =COUNTIFS(Tasks!$B$5:$B$300,B12,Tasks!$E$5:$E$300,"Done") -> 0 | M12: =IF(K12=0,0,L12/K12) -> 0 | N12: =IF(I12="No","Excluded",IF(K12=0,"Not Started",IF(L12=K12,"Completed",IF(L12+COUNTIFS(Tasks!$B$5:$B$300,B12,Tasks!$E$5:$E$300,"In Progress")>0,"In Progress","Not Started")))) -> Not Started | O12: =IF(I12="Yes",Dashboard!$C$4+(SUMIFS($J$5:J12,$I$5:I12,"Yes")-J12)*7,"-") -> 46396 | P12: =IF(I12="Yes",O12+J12*7-1,"-") -> 46409 | Q12: SQLAlchemy 2.0 tutorial
B13: 9 | C13: 2 Core API | D13: PostgreSQL & Migrations | E13: Postgres, Alembic migrations, pagination, query tuning | F13: Move API to Postgres with Alembic migrations | G13: Added | H13: Recommended | I13: Yes | J13: 2 | K13: =COUNTIF(Tasks!$B$5:$B$300,B13) -> 5 | L13: =COUNTIFS(Tasks!$B$5:$B$300,B13,Tasks!$E$5:$E$300,"Done") -> 0 | M13: =IF(K13=0,0,L13/K13) -> 0 | N13: =IF(I13="No","Excluded",IF(K13=0,"Not Started",IF(L13=K13,"Completed",IF(L13+COUNTIFS(Tasks!$B$5:$B$300,B13,Tasks!$E$5:$E$300,"In Progress")>0,"In Progress","Not Started")))) -> Not Started | O13: =IF(I13="Yes",Dashboard!$C$4+(SUMIFS($J$5:J13,$I$5:I13,"Yes")-J13)*7,"-") -> 46410 | P13: =IF(I13="Yes",O13+J13*7-1,"-") -> 46423 | Q13: PostgreSQL tutorial; Alembic docs
B14: 10 | C14: 3 Security & Quality | D14: Authentication | E14: Password hashing, JWT, OAuth2 | F14: Register/login with JWT and protected routes | G14: Original | H14: Core | I14: Yes | J14: 2 | K14: =COUNTIF(Tasks!$B$5:$B$300,B14) -> 7 | L14: =COUNTIFS(Tasks!$B$5:$B$300,B14,Tasks!$E$5:$E$300,"Done") -> 0 | M14: =IF(K14=0,0,L14/K14) -> 0 | N14: =IF(I14="No","Excluded",IF(K14=0,"Not Started",IF(L14=K14,"Completed",IF(L14+COUNTIFS(Tasks!$B$5:$B$300,B14,Tasks!$E$5:$E$300,"In Progress")>0,"In Progress","Not Started")))) -> Not Started | O14: =IF(I14="Yes",Dashboard!$C$4+(SUMIFS($J$5:J14,$I$5:I14,"Yes")-J14)*7,"-") -> 46424 | P14: =IF(I14="Yes",O14+J14*7-1,"-") -> 46437 | Q14: FastAPI security tutorial; OWASP cheat sheets
B15: 11 | C15: 3 Security & Quality | D15: Testing | E15: Pytest and API testing | F15: Test suite with 80%+ coverage | G15: Original | H15: Core | I15: Yes | J15: 2 | K15: =COUNTIF(Tasks!$B$5:$B$300,B15) -> 6 | L15: =COUNTIFS(Tasks!$B$5:$B$300,B15,Tasks!$E$5:$E$300,"Done") -> 0 | M15: =IF(K15=0,0,L15/K15) -> 0 | N15: =IF(I15="No","Excluded",IF(K15=0,"Not Started",IF(L15=K15,"Completed",IF(L15+COUNTIFS(Tasks!$B$5:$B$300,B15,Tasks!$E$5:$E$300,"In Progress")>0,"In Progress","Not Started")))) -> Not Started | O15: =IF(I15="Yes",Dashboard!$C$4+(SUMIFS($J$5:J15,$I$5:I15,"Yes")-J15)*7,"-") -> 46438 | P15: =IF(I15="Yes",O15+J15*7-1,"-") -> 46451 | Q15: Pytest docs; FastAPI testing guide
B16: 12 | C16: 3 Security & Quality | D16: API Design, Logging & Security | E16: REST conventions, logging, error format, OWASP basics | F16: Harden your API: logging, error format, CORS, limits | G16: Added | H16: Recommended | I16: Yes | J16: 2 | K16: =COUNTIF(Tasks!$B$5:$B$300,B16) -> 6 | L16: =COUNTIFS(Tasks!$B$5:$B$300,B16,Tasks!$E$5:$E$300,"Done") -> 0 | M16: =IF(K16=0,0,L16/K16) -> 0 | N16: =IF(I16="No","Excluded",IF(K16=0,"Not Started",IF(L16=K16,"Completed",IF(L16+COUNTIFS(Tasks!$B$5:$B$300,B16,Tasks!$E$5:$E$300,"In Progress")>0,"In Progress","Not Started")))) -> Not Started | O16: =IF(I16="Yes",Dashboard!$C$4+(SUMIFS($J$5:J16,$I$5:I16,"Yes")-J16)*7,"-") -> 46452 | P16: =IF(I16="Yes",O16+J16*7-1,"-") -> 46465 | Q16: OWASP API Top 10; Microsoft REST guidelines
... B20: 16 | C20: 4 Production | D20: Capstone Project | E20: Build and ship a complete backend end to end | F20: Portfolio-ready API (e.g. blog, e-commerce, task manager) | G20: Added | H20: Core | I20: Yes | J20: 4 | K20: =COUNTIF(Tasks!$B$5:$B$300,B20) -> 7 | L20: =COUNTIFS(Tasks!$B$5:$B$300,B20,Tasks!$E$5:$E$300,"Done") -> 0 | M20: =IF(K20=0,0,L20/K20) -> 0 | N20: =IF(I20="No","Excluded",IF(K20=0,"Not Started",IF(L20=K20,"Completed",IF(L20+COUNTIFS(Tasks!$B$5:$B$300,B20,Tasks!$E$5:$E$300,"In Progress")>0,"In Progress","Not Started")))) -> Not Started | O20: =IF(I20="Yes",Dashboard!$C$4+(SUMIFS($J$5:J20,$I$5:I20,"Yes")-J20)*7,"-") -> 46487 | P20: =IF(I20="Yes",O20+J20*7-1,"-") -> 46514 | Q20: Your own repo + README
D21: Total (included topics) | J21: =SUMIFS(J5:J20,I5:I20,"Yes") -> 30 | K21: =SUMIFS(K5:K20,I5:I20,"Yes") -> 85 | L21: =SUMIFS(L5:L20,I5:I20,"Yes") -> 20 | M21: =IF(K21=0,0,L21/K21) -> 0.23529412

Sheet Tasks
B1: Task Checklist
B4: Step | C4: Topic | D4: Task | E4: Status | F4: Date done | G4: Notes
B5: 1 | C5: =IFERROR(INDEX(Roadmap!$D$5:$D$20,MATCH(B5,Roadmap!$B$5:$B$20,0)),"") -> Python | D5: Write functions with default/keyword args, *args and **kwargs | E5: Done
B6: 1 | C6: =IFERROR(INDEX(Roadmap!$D$5:$D$20,MATCH(B6,Roadmap!$B$5:$B$20,0)),"") -> Python | D6: Practice lists, dicts, sets and comprehensions | E6: Done
B7: 1 | C7: =IFERROR(INDEX(Roadmap!$D$5:$D$20,MATCH(B7,Roadmap!$B$5:$B$20,0)),"") -> Python | D7: Build classes with inheritance and dunder methods | E7: Done
B8: 1 | C8: =IFERROR(INDEX(Roadmap!$D$5:$D$20,MATCH(B8,Roadmap!$B$5:$B$20,0)),"") -> Python | D8: Organize code into modules/packages; use venv and pip | E8: Done
B9: 1 | C9: =IFERROR(INDEX(Roadmap!$D$5:$D$20,MATCH(B9,Roadmap!$B$5:$B$20,0)),"") -> Python | D9: Handle errors with try/except and custom exceptions | E9: Done
B10: 1 | C10: =IFERROR(INDEX(Roadmap!$D$5:$D$20,MATCH(B10,Roadmap!$B$5:$B$20,0)),"") -> Python | D10: Read and write files and JSON | E10: Done
B11: 1 | C11: =IFERROR(INDEX(Roadmap!$D$5:$D$20,MATCH(B11,Roadmap!$B$5:$B$20,0)),"") -> Python | D11: Finish the CLI to-do app project | E11: Not Started
B12: 2 | C12: =IFERROR(INDEX(Roadmap!$D$5:$D$20,MATCH(B12,Roadmap!$B$5:$B$20,0)),"") -> Git & Command Line | D12: Navigate terminal: cd, ls, grep, pipes | E12: Not Started
B13: 2 | C13: =IFERROR(INDEX(Roadmap!$D$5:$D$20,MATCH(B13,Roadmap!$B$5:$B$20,0)),"") -> Git & Command Line | D13: Init a repo; stage, commit, view history | E13: Not Started
B14: 2 | C14: =IFERROR(INDEX(Roadmap!$D$5:$D$20,MATCH(B14,Roadmap!$B$5:$B$20,0)),"") -> Git & Command Line | D14: Create and merge branches; resolve a merge conflict | E14: Not Started
B15: 2 | C15: =IFERROR(INDEX(Roadmap!$D$5:$D$20,MATCH(B15,Roadmap!$B$5:$B$20,0)),"") -> Git & Command Line | D15: Use .gitignore; push project to GitHub with README | E15: Not Started
B16: 3 | C16: =IFERROR(INDEX(Roadmap!$D$5:$D$20,MATCH(B16,Roadmap!$B$5:$B$20,0)),"") -> SQL | D16: SELECT with WHERE, ORDER BY, LIMIT | E16: Done
... B98: 16 | C98: =IFERROR(INDEX(Roadmap!$D$5:$D$20,MATCH(B98,Roadmap!$B$5:$B$20,0)),"") -> Capstone Project | D98: Add project to GitHub profile / portfolio | E98: Not Started
